{
  "robot": {
    "green": [
      0.17104356351233754,
      0.24573344915775458
    ],
    "yellow": [
      0.1742751477003573,
      0.19775739534945383
    ],
    "red": [
      0.17454698345618186,
      0.14942036596154606
    ]
  },
  "pixel": {
    "green": [
      204,
      13
    ],
    "yellow": [
      256,
      12
    ],
    "red": [
      326,
      15
    ]
  }
}