{
  "matrix": [
    [
      0.9769862609638172,
      -0.01505512640577232,
      -0.00182803197279801
    ],
    [
      0.01505512640577232,
      0.9769862609638172,
      -0.0003021852635031498
    ]
  ],
  "raw_points": [
    [
      0.06993043422698975,
      0.16031692922115326
    ],
    [
      0.06905163824558258,
      0.24101893603801727
    ],
    [
      -0.09407036751508713,
      0.12944985926151276
    ],
    [
      -0.0937509834766388,
      0.2537872791290283
    ]
  ],
  "actual_points": [
    [
      0.06293043422698974,
      0.15531692922115325
    ],
    [
      0.06105163824558257,
      0.23701893603801727
    ],
    [
      -0.09307036751508713,
      0.12344985926151275
    ],
    [
      -0.0977509834766388,
      0.24878727912902832
    ]
  ]
}